"Comparison","Mean_Difference","t_Statistic","df","p_Value"
"Archaea vs Bacteria",-66.6012658227848,-45.9617868222723,78.5625787483057,1.52082626399833e-58
"Archaea vs Eukarya",-17.6708860759494,-13.4150372872405,78.6813154200228,4.97235078844354e-22
"Archaea vs Unclassified",-13.493670886076,-8.53115930140238,78.4719113739425,8.40625412144075e-13
"Bacteria vs Eukarya",48.9303797468354,25.0355819087643,154.591310366199,2.90403292296806e-56
"Bacteria vs Unclassified",53.1075949367089,24.7981533824707,154.810760086601,8.65756284721917e-56
"Eukarya vs Unclassified",4.17721518987342,2.03300438922716,151.020346731498,0.0438036692921531
